{
  "train_loss": [
    1.0514283463816594,
    0.6377866719566514,
    0.5635899947568418,
    0.5259662729277953,
    0.5020846369221755,
    0.4856401448363737,
    0.47333755303975256,
    0.4636575628669596,
    0.4557140058726581,
    0.44915067927829233,
    0.44344586578448886,
    0.43850537116413635,
    0.4342782999468338,
    0.4303363448727253,
    0.42693511835544184,
    0.4236820660251806,
    0.4207229369329511,
    0.41817107940086323,
    0.4157290299699575,
    0.41333937573758406
  ],
  "test_loss": [
    0.6841849570630639,
    0.5758970603118045,
    0.5292241190204601,
    0.5014977319701789,
    0.4842531829309805,
    0.47002395648917256,
    0.46067659183192766,
    0.45343712085101107,
    0.44714931843224665,
    0.44226369658292497,
    0.437865432904711,
    0.43429523349540383,
    0.4311552545553342,
    0.42818851471557345,
    0.42550230529559674,
    0.4236708944139119,
    0.4216687624383729,
    0.4199142827897379,
    0.4182857440950439,
    0.4167932418681216
  ]
}