Method,EF@1,EF@3,EF@5,EF@10,EF@15,PP-hit@1,PP-hit@3,PP-hit@5,PP-hit@10,PP-hit@15,Silhouette
CAE,0.0,3.0,1.8000000000000003,2.7,1.8000000000000003,0.0,0.0,0.6666666666666666,1.0,1.0,-0.10056345164775848
UMAP_CAE,0.0,3.0,1.8000000000000003,1.8000000000000003,1.8000000000000003,0.0,0.0,0.0,1.0,1.0,-0.12467382848262787
PCA_Descriptors,0.0,0.0,3.6000000000000005,1.8000000000000003,1.8000000000000003,0.0,0.0,0.6666666666666666,1.0,1.0,-0.12525581189495855
UMAP_Descriptors,0.0,3.0,3.6000000000000005,1.8000000000000003,1.8000000000000003,0.0,0.3333333333333333,0.6666666666666666,1.0,1.0,-0.4268190264701843
PCA_Mixed,0.0,3.0,1.8000000000000003,1.8000000000000003,1.2,0.0,0.0,0.3333333333333333,1.0,1.0,-0.084338704886458
UMAP_Mixed,9.0,3.0,1.8000000000000003,2.7,1.8000000000000003,0.0,0.6666666666666666,0.6666666666666666,1.0,1.0,-0.1674778312444687
