{
  "train_loss": [
    0.8594324290243839
  ],
  "test_loss": [
    0.41548994872928763
  ]
}